epoch,train_loss,val_loss,train_rmse,train_mae,train_explained_variance,train_r2,val_rmse,val_mae,val_explained_variance,val_r2,train_TP50,train_TP75,train_TP90,val_TP50,val_TP75,val_TP90
1,17402.18465663,4582.8083984375,94.28672868736618,72.1294150412332,-0.05725307887805836,0.7064005944519363,65.202454884847,44.39422753651937,0.10544656595836083,0.9323788026968638,66.47025485018806,92.19335611894041,116.40356325604427,38.74188359578451,58.881415430704756,80.67413101196288
